INSERT INTO profesores(id,name, summary,enabled, area_id, email, phone) VALUES(1,"Martin Puente", "sumary",false,1,"maria@correo.com","+584128803722");
INSERT INTO profesores(id,name, summary,enabled, area_id, email, phone) VALUES(2,"Basilio Palomino", "Profesor .... ",false,1,"maria@correo.com","+584128803722");
INSERT INTO profesores(id,name, summary,enabled, area_id, email, phone) VALUES(3,"Andreu Prada", "Profesora ... ",false,1,"maria@correo.com","+7878787878");
INSERT INTO profesores(id,name, summary,enabled, area_id, email, phone) VALUES(4,"Loreto Quiroga", "Profesor .... ",false,2,"maria@correo.com","+8998989889");
INSERT INTO profesores(id,name, summary,enabled, area_id, email, phone) VALUES(5,"Merce Meseguer", "Profesora.... ",false,2,"maria@correo.com","+45455454412");
INSERT INTO profesores(id,name, summary,enabled, area_id, email, phone) VALUES(6,"Amanda Moron", "Profesora.... ",false,2,"maria@correo.com","+2332232323");
INSERT INTO profesores(id,name, summary,enabled, area_id, email, phone) VALUES(7,"Camilo Uriarte", "Profesor .... ",false,3,"maria@correo.com","+433443433443");
INSERT INTO profesores(id,name, summary,enabled, area_id, email, phone) VALUES(8,"Casilda Palacios", "Profesor .... ",false,3,"maria@correo.com","+5665556655");
INSERT INTO profesores(id,name, summary,enabled, area_id, email, phone) VALUES(9,"Patrocinio Miro", "Profesor.... ",false,4,"maria@correo.com","+787887878");
INSERT INTO profesores(id,name, summary,enabled, area_id, email, phone) VALUES(10,"Carolina Nuñez", "Profesor.... ",false,1,"maria@correo.com","+766767667675");

INSERT INTO horarios(id_profesor, data,Hora, disponible) VALUES('1', "2022-01-21","10:00", false);
INSERT INTO horarios(id_profesor, data,Hora, disponible) VALUES('2', "2022-01-25","11:00", true);
INSERT INTO horarios(id_profesor, data,Hora, disponible) VALUES('3', "2022-01-22","07:00", true);
INSERT INTO horarios(id_profesor, data,Hora, disponible) VALUES('4', "2022-01-26","11:00", true);
INSERT INTO horarios(id_profesor, data,Hora, disponible) VALUES('5', "2022-01-23","13:00", true);
INSERT INTO horarios(id_profesor, data,Hora, disponible) VALUES('6', "2022-01-27","15:00", true);
INSERT INTO horarios(id_profesor, data,Hora, disponible) VALUES('7', "2022-01-28","18:00", true);
INSERT INTO horarios(id_profesor, data,Hora, disponible) VALUES('8', "2022-01-24","20:00", true);
INSERT INTO horarios(id_profesor, data,Hora, disponible) VALUES('9', "2022-01-25","21:00", true);
INSERT INTO horarios(id_profesor, data,Hora, disponible) VALUES('10',"2022-01-21","14:00", true);
INSERT INTO horarios(id_profesor, data,Hora, disponible) VALUES('1', "2022-01-21","16:00", true);
INSERT INTO horarios(id_profesor, data,Hora, disponible) VALUES('2', "2022-01-28","17:00", true);
INSERT INTO horarios(id_profesor, data,Hora, disponible) VALUES('3', "2022-01-26","09:00", true);
INSERT INTO horarios(id_profesor, data,Hora, disponible) VALUES('4', "2022-01-31","08:00", true);
INSERT INTO horarios(id_profesor, data,Hora, disponible) VALUES('5', "2022-02-01","12:00", true);
INSERT INTO horarios(id_profesor, data,Hora, disponible) VALUES('6', "2022-01-21","11:00", true);
INSERT INTO horarios(id_profesor, data,Hora, disponible) VALUES('7', "2022-02-11","13:00", true);
INSERT INTO horarios(id_profesor, data,Hora, disponible) VALUES('8', "2022-02-14","12:00", true);
INSERT INTO horarios(id_profesor, data,Hora, disponible) VALUES('9', "2022-01-27","16:00", true);
INSERT INTO horarios(id_profesor, data,Hora, disponible) VALUES('10', "2022-01-20","14:00", true);
INSERT INTO horarios(id_profesor, data,Hora, disponible) VALUES('1', "2022-01-19","15:00", true);
INSERT INTO horarios(id_profesor, data,Hora, disponible) VALUES('2', "2022-02-01","10:00", true);

INSERT INTO areas_conocimientos(id, name) VALUES(1,"Matematicas");
INSERT INTO areas_conocimientos(id, name) VALUES(2,"Ingles");
INSERT INTO areas_conocimientos(id, name) VALUES(3,"Español");
INSERT INTO areas_conocimientos(id, name) VALUES(4,"Fisica");
